,Rank,Anime,Anime Type,Episodes,Start Air Date,End Air Date,Members,Score
0,1,Fullmetal Alchemist: Brotherhood,TV,64,Apr 2009 , Jul 2010,3097224,9.11
1,2,Bleach: Sennen Kessen-hen,TV,13,Oct 2022 , Dec 2022,395299,9.1
2,3,Steins;Gate,TV,24,Apr 2011 , Sep 2011,2385156,9.08
3,4,Gintama°,TV,51,Apr 2015 , Mar 2016,579580,9.07
4,5,Kaguya-sama wa Kokurasetai: Ultra Romantic,TV,13,Apr 2022 , Jun 2022,762610,9.07
5,6,Shingeki no Kyojin Season 3 Part 2,TV,10,Apr 2019 , Jul 2019,2031320,9.06
6,7,Gintama: The Final,Movie,1,Jan 2021 , Jan 2021,125106,9.05
7,8,Gintama',TV,51,Apr 2011 , Mar 2012,511115,9.04
8,9,Hunter x Hunter (2011),TV,148,Oct 2011 , Sep 2014,2584178,9.04
9,10,Gintama': Enchousen,TV,13,Oct 2012 , Mar 2013,301903,9.03
10,11,Ginga Eiyuu Densetsu,OVA,110,Jan 1988 , Mar 1997,298833,9.02
11,12,Fruits Basket: The Final,TV,13,Apr 2021 , Jun 2021,409460,9.01
12,13,Gintama.,TV,12,Jan 2017 , Mar 2017,290080,8.99
13,14,Kaguya-sama wa Kokurasetai: First Kiss wa Owaranai,Movie,1,Dec 2022 , Dec 2022,95423,8.97
14,15,3-gatsu no Lion 2nd Season,TV,22,Oct 2017 , Mar 2018,375018,8.94
15,16,Clannad: After Story,TV,24,Oct 2008 , Mar 2009,1130920,8.94
16,17,Gintama,TV,201,Apr 2006 , Mar 2010,1003662,8.94
17,18,Koe no Katachi,Movie,1,Sep 2016 , Sep 2016,2132754,8.94
18,19,Bocchi the Rock!,TV,12,Oct 2022 , Dec 2022,335002,8.92
19,20,Gintama Movie 2: Kanketsu-hen - Yorozuya yo Eien Nare,Movie,1,Jul 2013 , Jul 2013,224170,8.92
20,21,Code Geass: Hangyaku no Lelouch R2,TV,25,Apr 2008 , Sep 2008,1664370,8.91
21,22,Violet Evergarden Movie,Movie,1,Sep 2020 , Sep 2020,519757,8.91
22,23,Owarimonogatari 2nd Season,TV,7,Aug 2017 , Aug 2017,371897,8.89
23,24,Gintama.: Shirogane no Tamashii-hen - Kouhan-sen,TV,14,Jul 2018 , Oct 2018,179925,8.88
24,25,Monster,TV,74,Apr 2004 , Sep 2005,965702,8.86
25,26,Kimi no Na wa.,Movie,1,Aug 2016 , Aug 2016,2530190,8.85
26,27,Kimetsu no Yaiba: Yuukaku-hen,TV,11,Dec 2021 , Feb 2022,1146138,8.82
27,28,Gintama.: Shirogane no Tamashii-hen,TV,12,Jan 2018 , Mar 2018,194310,8.81
28,29,Kingdom 3rd Season,TV,26,Apr 2020 , Oct 2021,86576,8.81
29,30,Shingeki no Kyojin: The Final Season,TV,16,Dec 2020 , Mar 2021,1779087,8.81
30,31,Mob Psycho 100 II,TV,13,Jan 2019 , Apr 2019,1388408,8.8
31,32,Part1,Movie,1,Jan 2017 , Jan 2017,430444,8.79
32,33,Sen to Chihiro no Kamikakushi,Movie,1,Jul 2001 , Jul 2001,1718922,8.78
33,34,Haikyuu!! Karasuno Koukou vs. Shiratorizawa Gakuen Koukou,TV,10,Oct 2016 , Dec 2016,1114992,8.78
34,35,Monogatari Series: Second Season,TV,26,Jul 2013 , Dec 2013,637706,8.77
35,36,Shingeki no Kyojin: The Final Season Part 2,TV,12,Jan 2022 , Apr 2022,1062356,8.77
36,37,Shiguang Dailiren,ONA,11,Apr 2021 , Jul 2021,276266,8.75
37,38,Cowboy Bebop,TV,26,Apr 1998 , Apr 1999,1730225,8.75
38,39,Hajime no Ippo,TV,75,Oct 2000 , Mar 2002,527868,8.75
39,40,Kingdom 4th Season,TV,26,Apr 2022 , Oct 2022,49604,8.75
40,41,Mob Psycho 100 III,TV,12,Oct 2022 , Dec 2022,512876,8.74
41,42,Mushishi Zoku Shou 2nd Season,TV,10,Oct 2014 , Dec 2014,249817,8.73
42,43,Shouwa Genroku Rakugo Shinjuu: Sukeroku Futatabi-hen,TV,12,Jan 2017 , Mar 2017,177646,8.73
43,44,Vinland Saga,TV,24,Jul 2019 , Dec 2019,1282746,8.73
44,45,Vinland Saga Season 2,TV,24,Jan 2023 ,,326212,8.73
45,46,Mushoku Tensei: Isekai Ittara Honki Dasu Part 2,TV,12,Oct 2021 , Dec 2021,737473,8.71
46,47,Rurouni Kenshin: Meiji Kenkaku Romantan - Tsuioku-hen,OVA,4,Feb 1999 , Sep 1999,265623,8.71
47,48,86 Part 2,TV,12,Oct 2021 , Mar 2022,401811,8.71
48,49,Ashita no Joe 2,TV,47,Oct 1980 , Aug 1981,46198,8.71
49,50,Code Geass: Hangyaku no Lelouch,TV,25,Oct 2006 , Jul 2007,2109680,8.7
50,51,Mushishi Zoku Shou,TV,10,Apr 2014 , Jun 2014,283233,8.7
51,52,Odd Taxi,TV,13,Apr 2021 , Jun 2021,369795,8.7
52,53,Fate/stay night Movie: Heaven's Feel - III. Spring Song,Movie,1,Aug 2020 , Aug 2020,310529,8.69
53,54,Great Teacher Onizuka,TV,43,Jun 1999 , Sep 2000,771879,8.69
54,55,JoJo no Kimyou na Bouken Part 6: Stone Ocean Part 3,ONA,14,Dec 2022 , Dec 2022,118357,8.69
55,56,Made in Abyss: Retsujitsu no Ougonkyou,TV,12,Jul 2022 , Sep 2022,352336,8.68
56,57,One Piece,TV,1049,Oct 1999 ,,2099881,8.68
57,58,Mononoke Hime,Movie,1,Jul 1997 , Jul 1997,1163925,8.67
58,59,Spy x Family,TV,12,Apr 2022 , Jun 2022,1253272,8.67
59,60,Violet Evergarden,TV,13,Jan 2018 , Apr 2018,1632432,8.67
60,61,Made in Abyss,TV,13,Jul 2017 , Sep 2017,1255016,8.66
61,62,Mushishi,TV,26,Oct 2005 , Jun 2006,780087,8.66
62,63,Hajime no Ippo: New Challenger,TV,26,Jan 2009 , Jul 2009,260186,8.66
63,64,Howl no Ugoku Shiro,Movie,1,Nov 2004 , Nov 2004,1217997,8.66
64,65,Chainsaw Man,TV,12,Oct 2022 , Dec 2022,1140871,8.65
65,66,Jujutsu Kaisen,TV,24,Oct 2020 , Mar 2021,2155578,8.65
66,67,Natsume Yuujinchou Shi,TV,13,Jan 2012 , Mar 2012,232372,8.65
67,68,Shigatsu wa Kimi no Uso,TV,22,Oct 2014 , Mar 2015,2063897,8.65
68,69,Bungou Stray Dogs 4th Season,TV,13,Jan 2023 , Mar 2023,182842,8.64
69,70,Haikyuu!! Second Season,TV,25,Oct 2015 , Mar 2016,1330595,8.64
70,71,Kaguya-sama wa Kokurasetai? Tensai-tachi no Renai Zunousen,TV,12,Apr 2020 , Jun 2020,1215734,8.64
71,72,Kimetsu no Yaiba Movie: Mugen Ressha-hen,Movie,1,Oct 2020 , Oct 2020,1328187,8.63
72,73,Made in Abyss Movie 3: Fukaki Tamashii no Reimei,Movie,1,Jan 2020 , Jan 2020,403082,8.63
73,74,Tengen Toppa Gurren Lagann,TV,27,Apr 2007 , Sep 2007,1521945,8.63
74,75,Mo Dao Zu Shi: Wanjie Pian,ONA,12,Aug 2021 , Oct 2021,68321,8.62
75,76,Natsume Yuujinchou Roku,TV,11,Apr 2017 , Jun 2017,173768,8.62
76,77,Ping Pong the Animation,TV,11,Apr 2014 , Jun 2014,365814,8.62
77,78,Shingeki no Kyojin Season 3,TV,12,Jul 2018 , Oct 2018,2143922,8.62
78,79,Death Note,TV,37,Oct 2006 , Jun 2007,3632749,8.62
79,80,Cyberpunk: Edgerunners,ONA,10,Sep 2022 , Sep 2022,490849,8.61
80,81,Evangelion: 3.0+1.0 Thrice Upon a Time,Movie,1,Mar 2021 , Mar 2021,333120,8.61
81,82,Seishun Buta Yarou wa Yumemiru Shoujo no Yume wo Minai,Movie,1,Jun 2019 , Jun 2019,644446,8.61
82,83,The Melancholy of Haruhi Suzumiya (light novel),Movie,1,Feb 2010 , Feb 2010,581861,8.61
83,84,Mushishi Zoku Shou: Suzu no Shizuku,Movie,1,May 2015 , May 2015,120961,8.6
84,85,Hajime no Ippo: Rising,TV,25,Oct 2013 , Mar 2014,233983,8.59
85,86,JoJo no Kimyou na Bouken Part 5: Ougon no Kaze,TV,39,Oct 2018 , Jul 2019,927478,8.58
86,87,Part1,Movie,1,Aug 2016 , Aug 2016,416647,8.58
87,88,Natsume Yuujinchou San,TV,13,Jul 2011 , Sep 2011,239470,8.58
88,89,Ookami Kodomo no Ame to Yuki,Movie,1,Jul 2012 , Jul 2012,770489,8.58
89,90,Natsume Yuujinchou Go,TV,11,Oct 2016 , Dec 2016,173080,8.57
90,91,Shouwa Genroku Rakugo Shinjuu,TV,13,Jan 2016 , Apr 2016,277399,8.57
91,92,Tengen Toppa Gurren Lagann Movie 2: Lagann-hen,Movie,1,Apr 2009 , Apr 2009,203623,8.57
92,93,Yojouhan Shinwa Taikei,TV,11,Apr 2010 , Jul 2010,419846,8.57
93,94,Ousama Ranking,TV,23,Oct 2021 , Mar 2022,538327,8.56
94,95,Fate/Zero 2nd Season,TV,12,Apr 2012 , Jun 2012,1056728,8.56
95,96,Fruits Basket 2nd Season,TV,25,Apr 2020 , Sep 2020,452419,8.56
96,97,Karakai Jouzu no Takagi-san Movie,Movie,1,Jun 2022 , Jun 2022,50095,8.56
97,98,Kenpuu Denki Berserk,TV,25,Oct 1997 , Apr 1998,589472,8.56
98,99,Kimi no Suizou wo Tabetai,Movie,1,Sep 2018 , Sep 2018,863514,8.56
99,100,Haikyuu!! To the Top Part 2,TV,12,Oct 2020 , Dec 2020,731256,8.55
100,101,Zoku Natsume Yuujinchou,TV,13,Jan 2009 , Mar 2009,236140,8.55
101,102,Neon Genesis Evangelion: The End of Evangelion,Movie,1,Jul 1997 , Jul 1997,855328,8.55
102,103,Mushishi: Hihamukage,Special,1,Jan 2014 , Jan 2014,131233,8.54
103,104,Slam Dunk,TV,101,Oct 1993 , Mar 1996,275804,8.54
104,105,Bakuman. 3rd Season,TV,25,Oct 2012 , Mar 2013,317236,8.54
105,106,Kara no Kyoukai Movie 5: Mujun Rasen,Movie,1,Aug 2008 , Aug 2008,227706,8.53
106,107,Nana,TV,47,Apr 2006 , Mar 2007,601622,8.53
107,108,Perfect Blue,Movie,1,Feb 1998 , Feb 1998,628582,8.53
108,109,Road of Naruto,ONA,1,Oct 2022 , Oct 2022,21523,8.53
109,110,Shingeki no Kyojin,TV,25,Apr 2013 , Sep 2013,3657071,8.53
110,111,Shoujo☆Kageki Revue Starlight Movie,Movie,1,Jun 2021 , Jun 2021,14635,8.53
111,112,Sora yori mo Tooi Basho,TV,13,Jan 2018 , Mar 2018,468585,8.53
112,113,Steins;Gate 0,TV,23,Apr 2018 , Sep 2018,811843,8.53
113,114,Summertime Render,TV,25,Apr 2022 , Sep 2022,389563,8.53
114,115,Yuru Camp△ Season 2,TV,13,Jan 2021 , Apr 2021,199650,8.53
115,116,Yakusoku no Neverland,TV,12,Jan 2019 , Mar 2019,1820736,8.52
116,117,Gintama Movie 1: Shinyaku Benizakura-hen,Movie,1,Apr 2010 , Apr 2010,154137,8.52
117,118,Gintama.: Porori-hen,TV,13,Oct 2017 , Dec 2017,186828,8.52
118,119,Kimetsu no Yaiba,TV,26,Apr 2019 , Sep 2019,2706557,8.52
119,120,Koukaku Kidoutai: Stand Alone Complex 2nd GIG,TV,26,Jan 2004 , Jan 2005,218151,8.52
120,121,Samurai Champloo,TV,26,May 2004 , Mar 2005,1164070,8.51
121,122,Fate/stay night Movie: Heaven's Feel - II. Lost Butterfly,Movie,1,Jan 2019 , Jan 2019,353587,8.51
122,123,Hotaru no Haka,Movie,1,Apr 1988 , Apr 1988,621291,8.51
123,124,Ansatsu Kyoushitsu 2nd Season,TV,25,Jan 2016 , Jul 2016,1328722,8.5
124,125,JoJo no Kimyou na Bouken Part 4: Diamond wa Kudakenai,TV,39,Apr 2016 , Dec 2016,1024567,8.5
125,126,Uchuu Kyoudai,TV,99,Apr 2012 , Mar 2014,184120,8.5
126,127,One Punch Man,TV,12,Oct 2015 , Dec 2015,2989090,8.5
127,128,Shingeki no Kyojin Season 2,TV,12,Apr 2017 , Jun 2017,2498541,8.5
128,129,Mob Psycho 100,TV,12,Jul 2016 , Sep 2016,1904455,8.49
129,130,Aria the Origination,TV,13,Jan 2008 , Apr 2008,121600,8.49
130,131,Banana Fish,TV,24,Jul 2018 , Dec 2018,786739,8.49
131,132,Jujutsu Kaisen 0 Movie,Movie,1,Dec 2021 , Dec 2021,643437,8.49
132,133,Rainbow: Nisha Rokubou no Shichinin,TV,26,Apr 2010 , Sep 2010,375191,8.48
133,134,Yuru Camp△ Movie,Movie,1,Jul 2022 , Jul 2022,60742,8.48
134,135,Chihayafuru 3,TV,24,Oct 2019 , Mar 2020,129004,8.47
135,136,Fruits Basket: Prelude,Movie,1,Feb 2022 , Feb 2022,83858,8.47
136,137,Gintama: The Semi-Final,Special,2,Jan 2021 , Jan 2021,65920,8.47
137,138,Mahou Shoujo Madoka★Magica Movie 3: Hangyaku no Monogatari,Movie,1,Oct 2013 , Oct 2013,355362,8.47
138,139,Kono Subarashii Sekai ni Shukufuku wo! Movie: Kurenai Densetsu,Movie,1,Aug 2019 , Aug 2019,699323,8.46
139,140,Nichijou,TV,26,Apr 2011 , Sep 2011,835528,8.46
140,141,Mo Dao Zu Shi,ONA,15,Jul 2018 , Oct 2018,211577,8.45
141,142,Owarimonogatari,TV,12,Oct 2015 , Dec 2015,454639,8.45
142,143,Re:Zero kara Hajimeru Isekai Seikatsu 2nd Season Part 2,TV,12,Jan 2021 , Mar 2021,786207,8.45
143,144,Steins;Gate Movie: Fuka Ryouiki no Déjà vu,Movie,1,Apr 2013 , Apr 2013,561823,8.45
144,145,Yuu☆Yuu☆Hakusho,TV,112,Oct 1992 , Jan 1995,640778,8.45
145,146,Zoku Owarimonogatari,Movie,6,Nov 2018 , Nov 2018,210264,8.45
146,147,Golden Kamuy 3rd Season,TV,12,Oct 2020 , Dec 2020,147369,8.45
147,148,Karakai Jouzu no Takagi-san 3,TV,12,Jan 2022 , Mar 2022,162810,8.45
148,149,Haikyuu!!,TV,25,Apr 2014 , Sep 2014,1826989,8.44
149,150,JoJo no Kimyou na Bouken Part 3: Stardust Crusaders 2nd Season,TV,24,Jan 2015 , Jun 2015,1018960,8.44
150,151,Mushishi Zoku Shou: Odoro no Michi,Special,1,Aug 2014 , Aug 2014,95246,8.44
151,152,Saenai Heroine no Sodatekata Fine,Movie,1,Oct 2019 , Oct 2019,167578,8.44
152,153,Tian Guan Ci Fu Special,ONA,1,Feb 2021 , Feb 2021,37264,8.44
153,154,Kono Oto Tomare! Part 2,TV,13,Oct 2019 , Dec 2019,157720,8.43
154,155,Koukaku Kidoutai: Stand Alone Complex,TV,26,Oct 2002 , Oct 2003,379649,8.43
155,156,Mo Dao Zu Shi: Xian Yun Pian,ONA,8,Aug 2019 , Sep 2019,94902,8.43
156,157,Mononoke,TV,12,Jul 2007 , Sep 2007,298849,8.43
157,158,Saiki Kusuo no Ψ-nan 2,TV,24,Jan 2018 , Jun 2018,588095,8.43
158,159,Gintama: Yorinuki Gintama-san on Theater 2D,Movie,2,Aug 2012 , Aug 2012,41731,8.43
159,160,Grand Blue,TV,12,Jul 2018 , Sep 2018,708303,8.43
160,161,Josee to Tora to Sakana-tachi,Movie,1,Dec 2020 , Dec 2020,360839,8.42
161,162,Saiki Kusuo no Ψ-nan,TV,120,Jul 2016 , Dec 2016,1006675,8.42
162,163,Vivy: Fluorite Eye's Song,TV,13,Apr 2021 , Jun 2021,477642,8.42
163,164,Violet Evergarden Gaiden: Eien to Jidou Shuki Ningyou,Movie,1,Sep 2019 , Sep 2019,376572,8.41
164,165,Wu Liuqi: Xuanwu Guo Pian,ONA,10,Jan 2021 , May 2021,49197,8.41
165,166,Hunter x Hunter,TV,62,Oct 1999 , Mar 2001,553706,8.41
166,167,Kaguya-sama wa Kokurasetai: Tensai-tachi no Renai Zunousen,TV,12,Jan 2019 , Mar 2019,1581446,8.41
167,168,Major S5,TV,25,Jan 2009 , Jun 2009,68069,8.41
168,169,Natsume Yuujinchou Movie: Utsusemi ni Musubu,Movie,1,Sep 2018 , Sep 2018,65621,8.41
169,170,Shingeki no Kyojin: Kuinaki Sentaku,OVA,2,Dec 2014 , Apr 2015,476185,8.41
170,171,Sayonara no Asa ni Yakusoku no Hana wo Kazarou,Movie,1,Feb 2018 , Feb 2018,390853,8.4
171,172,Gintama°: Aizome Kaori-hen,OVA,2,Aug 2016 , Nov 2016,79912,8.4
172,173,Houseki no Kuni,TV,12,Oct 2017 , Dec 2017,423239,8.4
173,174,Kara no Kyoukai Movie 7: Satsujin Kousatsu (Go),Movie,1,Aug 2009 , Aug 2009,197859,8.4
174,175,Kaze ga Tsuyoku Fuiteiru,TV,23,Oct 2018 , Mar 2019,279620,8.4
175,176,Chihayafuru 2,TV,25,Jan 2013 , Jun 2013,223663,8.39
176,177,Cross Game,TV,50,Apr 2009 , Mar 2010,119402,8.39
177,178,Kamisama Hajimemashita: Kako-hen,OVA,4,Aug 2015 , Aug 2016,155663,8.39
178,179,Kimetsu no Yaiba: Mugen Ressha-hen,TV,7,Oct 2021 , Nov 2021,571803,8.39
179,180,Natsume Yuujinchou Roku Specials,Special,2,Sep 2017 , Oct 2017,43214,8.39
180,181,Tensei shitara Slime Datta Ken 2nd Season,TV,12,Jan 2021 , Mar 2021,839082,8.39
181,182,Tian Guan Ci Fu,ONA,11,Oct 2020 , Jan 2021,113691,8.39
182,183,Non Non Biyori Nonstop,TV,12,Jan 2021 , Mar 2021,112629,8.38
183,184,3-gatsu no Lion,TV,22,Oct 2016 , Mar 2017,641085,8.38
184,185,Barakamon,TV,12,Jul 2014 , Sep 2014,627891,8.38
185,186,Cowboy Bebop: Tengoku no Tobira,Movie,1,Sep 2001 , Sep 2001,353741,8.38
186,187,Kage no Jitsuryokusha ni Naritakute!,TV,20,Oct 2022 , Feb 2023,377711,8.38
187,188,Baccano!,TV,13,Jul 2007 , Nov 2007,866224,8.37
188,189,Fumetsu no Anata e,TV,20,Apr 2021 , Aug 2021,782860,8.37
189,190,Usagi Drop,TV,11,Jul 2011 , Sep 2011,473642,8.37
190,191,Yahari Ore no Seishun Love Comedy wa Machigatteiru. Kan,TV,12,Jul 2020 , Sep 2020,663464,8.37
191,192,Yoru ni Kakeru,Music,1,Nov 2019 , Nov 2019,17084,8.37
192,193,Part1,Movie,1,Jan 2016 , Jan 2016,496935,8.37
193,194,Made in Abyss Movie 2: Hourou Suru Tasogare,Movie,1,Jan 2019 , Jan 2019,117801,8.37
194,195,Mahou Shoujo Madoka★Magica Movie 2: Eien no Monogatari,Movie,1,Oct 2012 , Oct 2012,192775,8.37
195,196,Mushoku Tensei: Isekai Ittara Honki Dasu,TV,11,Jan 2021 , Mar 2021,1100436,8.37
196,197,Mahou Shoujo Madoka★Magica,TV,12,Jan 2011 , Apr 2011,1212976,8.36
197,198,Haikyuu!! To the Top,TV,13,Jan 2020 , Apr 2020,851433,8.36
198,199,Hellsing Ultimate,OVA,10,Feb 2006 , Dec 2012,870667,8.36
199,200,Kaze no Tani no Nausicaä,Movie,1,Mar 1984 , Mar 1984,349206,8.36
200,201,Bakuman. 2nd Season,TV,25,Oct 2011 , Mar 2012,339848,8.35
201,202,Gintama: Shiroyasha Koutan,Special,1,Sep 2008 , Sep 2008,66326,8.35
202,203,K-On! Movie,Movie,1,Dec 2011 , Dec 2011,311051,8.35
203,204,Re:Zero kara Hajimeru Isekai Seikatsu 2nd Season,TV,13,Jul 2020 , Sep 2020,1013066,8.35
204,205,Spy x Family Part 2,TV,13,Oct 2022 , Dec 2022,686704,8.35
205,206,Kiseijuu: Sei no Kakuritsu,TV,24,Oct 2014 , Mar 2015,1743813,8.34
206,207,Neon Genesis Evangelion,TV,26,Oct 1995 , Mar 1996,1675356,8.34
207,208,Psycho-Pass,TV,22,Oct 2012 , Mar 2013,1541643,8.34
208,209,Major S6,TV,25,Apr 2010 , Sep 2010,60157,8.33
209,210,Natsume Yuujinchou: Itsuka Yuki no Hi ni,OVA,1,Feb 2014 , Feb 2014,76196,8.33
210,211,One Outs,TV,25,Oct 2008 , Apr 2009,225424,8.33
211,212,Tensei shitara Slime Datta Ken 2nd Season Part 2,TV,12,Jul 2021 , Sep 2021,647230,8.33
212,213,Part1,TV,15,Jul 2009 , Jun 2010,1336045,8.33
213,214,Dr. Stone: Ryuusui,Special,1,Jul 2022 , Jul 2022,174445,8.33
214,215,Given,TV,11,Jul 2019 , Sep 2019,519285,8.33
215,216,Gotcha!,Music,1,Sep 2020 , Sep 2020,27754,8.33
216,217,IDOLiSH7 Third Beat! Part 2,TV,17,Oct 2022 , Feb 2023,10273,8.33
217,218,Kidou Senshi Gundam: The Origin,OVA,6,Feb 2015 , May 2018,67769,8.33
218,219,Kingdom 2nd Season,TV,39,Jun 2013 , Mar 2014,114925,8.33
219,220,Uchuu Senkan Yamato 2199,OVA,26,May 2012 , Oct 2013,109716,8.33
220,221,Versailles no Bara,TV,40,Oct 1979 , Sep 1980,90087,8.33
221,222,"Violet Evergarden: Kitto ""Ai"" wo Shiru Hi ga Kuru no Darou",Special,1,Jul 2018 , Jul 2018,301184,8.33
222,223,Kobayashi-san Chi no Maid Dragon S,TV,12,Jul 2021 , Sep 2021,502923,8.32
223,224,Natsume Yuujinchou Go Specials,Special,2,Mar 2017 , Apr 2017,42562,8.32
224,225,Ookami to Koushinryou II,TV,12,Jul 2009 , Sep 2009,468336,8.32
225,226,Romeo no Aoi Sora,TV,33,Jan 1995 , Dec 1995,46972,8.32
226,227,The First Slam Dunk,Movie,1,Dec 2022 , Dec 2022,15182,8.32
227,228,Ano Hi Mita Hana no Namae wo Bokutachi wa Mada Shiranai.,TV,11,Apr 2011 , Jun 2011,1529878,8.32
228,229,Fate/stay night: Unlimited Blade Works 2nd Season,TV,13,Apr 2015 , Jun 2015,806222,8.32
229,230,Initial D First Stage,TV,26,Apr 1998 , Dec 1998,341162,8.32
230,231,Part1,TV,12,Jan 2010 , Dec 2010,537827,8.32
231,232,Kawaki wo Ameku,Music,1,Jan 2019 , Jan 2019,27364,8.32
232,233,Kemono no Souja Erin,TV,50,Jan 2009 , Dec 2009,82280,8.32
233,234,Boku dake ga Inai Machi,TV,12,Jan 2016 , Mar 2016,1950460,8.31
234,235,Boku no Hero Academia 6th Season,TV,25,Oct 2022 ,,455714,8.31
235,236,Evangelion: 2.0 You Can (Not) Advance,Movie,1,Jul 2009 , Jul 2009,505304,8.31
236,237,Hunter x Hunter: Original Video Animation,OVA,8,Jan 2002 , Apr 2002,120925,8.31
237,238,Natsume Yuujinchou,TV,13,Jul 2008 , Sep 2008,509268,8.31
238,239,NHK ni Youkoso!,TV,24,Jul 2006 , Dec 2006,692687,8.31
239,240,Sakamichi no Apollon,TV,12,Apr 2012 , Jun 2012,363128,8.31
240,241,Shelter (Music),Music,1,Oct 2016 , Oct 2016,316190,8.31
241,242,Suzume no Tojimari,Movie,1,Nov 2022 , Nov 2022,121770,8.31
242,243,Kuroko no Basket 3rd Season,TV,25,Jan 2015 , Jun 2015,713076,8.3
243,244,Tenki no Ko,Movie,1,Jul 2019 , Jul 2019,891921,8.3
244,245,Blue Lock,TV,24,Oct 2022 ,,443344,8.3
245,246,Detective Conan Movie 06: The Phantom of Baker Street,Movie,1,Apr 2002 , Apr 2002,73292,8.3
246,247,Diamond no Ace: Second Season,TV,51,Apr 2015 , Mar 2016,129988,8.3
247,248,Hibike! Euphonium 2,TV,13,Oct 2016 , Dec 2016,213117,8.3
248,249,Ashita no Joe,TV,79,Apr 1970 , Sep 1971,83166,8.29
249,250,Beck,TV,26,Oct 2004 , Mar 2005,319846,8.29
250,251,Doukyuusei (Movie),Movie,1,Feb 2016 , Feb 2016,249310,8.29
251,252,Dr. Stone,TV,24,Jul 2019 , Dec 2019,1575686,8.29
252,253,Gintama: Shinyaku Benizakura-hen,Special,1,Dec 2010 , Dec 2010,41272,8.29
253,254,Hotarubi no Mori e,Movie,1,Sep 2011 , Sep 2011,776242,8.29
254,255,Kino no Tabi: The Beautiful World,TV,13,Apr 2003 , Jul 2003,292771,8.29
255,256,World Trigger 3rd Season,TV,14,Oct 2021 , Jan 2022,99811,8.29
256,257,Major: World Series,OVA,2,Dec 2011 , Jan 2012,35150,8.29
257,258,Rurouni Kenshin: Meiji Kenkaku Romantan,TV,94,Jan 1996 , Sep 1998,470275,8.29
258,259,Shinsekai yori,TV,25,Sep 2012 , Mar 2013,745892,8.29
259,260,Shirobako,TV,24,Oct 2014 , Mar 2015,424347,8.29
260,261,Steins;Gate: Oukoubakko no Poriomania,Special,1,Feb 2012 , Feb 2012,416984,8.29
261,262,Redline,Movie,1,Aug 2009 , Aug 2009,350055,8.28
262,263,Fate/Zero,TV,13,Oct 2011 , Dec 2011,1423893,8.28
263,264,Ginga Eiyuu Densetsu: Die Neue These - Gekitotsu,Movie,12,Mar 2022 , May 2022,17806,8.28
264,265,Tsubasa: Tokyo Revelations,OVA,3,Nov 2007 , Mar 2008,92286,8.28
265,266,Yuru Camp△,TV,12,Jan 2018 , Mar 2018,450202,8.27
266,267,Kono Subarashii Sekai ni Shukufuku wo! 2,TV,10,Jan 2017 , Mar 2017,1403040,8.27
267,268,Koukaku Kidoutai,Movie,1,Nov 1995 , Nov 1995,590677,8.27
268,269,Nodame Cantabile,TV,23,Jan 2007 , Jun 2007,302817,8.27
269,270,Planetes,TV,26,Oct 2003 , Apr 2004,238820,8.27
270,271,Stranger: Mukou Hadan,Movie,1,Sep 2007 , Sep 2007,317338,8.27
271,272,Tokyo Godfathers,Movie,1,Nov 2003 , Nov 2003,270261,8.27
272,86,,TV,11,Apr 2021 , Jun 2021,646995,8.27
273,274,Gin no Saji 2nd Season,TV,11,Jan 2014 , Mar 2014,139713,8.27
274,275,Golden Kamuy 4th Season,TV,13,Oct 2022 ,,70220,8.27
275,276,Gyakkyou Burai Kaiji: Ultimate Survivor,TV,26,Oct 2007 , Apr 2008,332384,8.27
276,277,Holo no Graffiti,ONA,1049,May 2019 ,,50711,8.27
277,278,Initial D Final Stage,TV,4,May 2014 , Jun 2014,127737,8.27
278,279,Ao Ashi,TV,24,Apr 2022 , Sep 2022,170482,8.26
279,280,Bakemono no Ko,Movie,1,Jul 2015 , Jul 2015,400608,8.26
280,281,Diamond no Ace: Act II,TV,52,Apr 2019 , Mar 2020,82715,8.26
281,282,Hajime no Ippo: Champion Road,Special,1,Apr 2003 , Apr 2003,124860,8.26
282,283,Hunter x Hunter: Greed Island Final,OVA,14,Mar 2004 , Aug 2004,137240,8.26
283,284,Yuukoku no Moriarty Part 2,TV,13,Apr 2021 , Jun 2021,216932,8.26
284,285,Ramayana: The Legend of Prince Rama,Movie,1,Jan 1993 , Jan 1993,8373,8.26
285,286,Sono Bisque Doll wa Koi wo Suru,TV,12,Jan 2022 , Mar 2022,879976,8.26
286,287,Space☆Dandy 2nd Season,TV,13,Jul 2014 , Sep 2014,158838,8.26
287,288,Tenkuu no Shiro Laputa,Movie,1,Aug 1986 , Aug 1986,449266,8.26
288,289,Kotarou wa Hitorigurashi,ONA,10,Mar 2022 , Mar 2022,120252,8.25
289,290,Kuroshitsuji Movie: Book of the Atlantic,Movie,1,Jan 2017 , Jan 2017,181743,8.25
290,291,Naruto: Shippuuden,TV,500,Feb 2007 , Mar 2017,2290714,8.25
291,292,Non Non Biyori Movie: Vacation,Movie,1,Aug 2018 , Aug 2018,72271,8.25
292,293,Seishun Buta Yarou wa Bunny Girl Senpai no Yume wo Minai,TV,13,Oct 2018 , Dec 2018,1592676,8.25
293,294,Sennen Joyuu,Movie,1,Sep 2002 , Sep 2002,169400,8.25
294,295,Steins;Gate: Kyoukaimenjou no Missing Link - Divide By Zero,Special,1,Dec 2015 , Dec 2015,242753,8.25
295,296,Tonari no Totoro,Movie,1,Apr 1988 , Apr 1988,984593,8.25
296,297,Ginga Eiyuu Densetsu: Die Neue These - Seiran 3,Movie,4,Nov 2019 , Nov 2019,23569,8.25
297,298,Gyakkyou Burai Kaiji: Hakairoku-hen,TV,26,Apr 2011 , Sep 2011,182357,8.25
298,299,Danshi Koukousei no Nichijou,TV,12,Jan 2012 , Mar 2012,778157,8.24
299,300,Detective Conan: Episode One - The Great Detective Turned Small,Special,1,Dec 2016 , Dec 2016,28785,8.24
